{"accuracy": 0.9925, "precision": 0.9985007496251874, "recall": 0.992548435171386, "f1_score": 0.9955156950672646}